id,base_product_id,name,description,retail_price,pet_type,product_type,age,unit,size,flavour,image_urls,is_active,created_at,updated_at,stock_quantity,thumbnail_url,default_rating,is_featured,label,row_index,legacy_id,legacy_base_id,brand,wholesale_price
005faa21-0e3e-4dad-affb-94fd8b0b57c3,005faa21-0e3e-4dad-affb-94fd8b0b57c3,"PETSLIFE Lori Natural Bird Food, 250g",A nutritious nutrition made for birds (250g) helps maintain overall health.,2.800,bird,food,,g,250,,,true,2026-01-02 20:49:19.968373+00,2026-01-02 20:49:19.968373+00,1000,https://www.buypets.om/images/products/798.jpeg,4.8,false,BIRD FOOD,294,798,798,,
0109f06e-0790-4491-b2f4-869925017672,a16120e3-5700-448e-9663-d050714fa8ea,Clean + 5L Coffee,A gentle hygiene solution for cats (5liter) keeps pets clean and fresh.,1.500,cat,grooming,,liter,5.00,,[],true,2026-01-02 20:49:19.968373+00,2026-01-02 20:49:19.968373+00,1000,https://www.buypets.om/images/products/210.jpeg,4.5,false,Litter,39,210,207,Clean +,
0126900d-a1fd-4516-837b-d84ba75b1bd7,0cd16fec-6550-4b8d-821d-3fe5a3bdb1c8,BOYU FILTER UV LIGHT EFU-25-32W,A durable device suitable for fish (32watt) ensures stable operation.,50.000,fish,equipment,,watt,32,,,true,2026-01-02 20:49:19.968373+00,2026-01-02 20:49:19.968373+00,1000,https://www.buypets.om/images/products/513.jpeg,4.6,false,AQUARIUM FILTER,402,513,443,,
028c98e0-6da7-4ba6-8d16-550a4d8c8463,940925f0-f024-4ef7-b22a-766afb1357dc,TAIYO TROPICAL FLAKE FISH FOOD 50G,A nutritious food formulated for fish (50g) ideal for everyday feeding.,1.000,fish,food,,g,50,,,true,2026-01-02 20:49:19.968373+00,2026-01-02 20:49:19.968373+00,1000,https://www.buypets.om/images/products/685.png,4.7,false,Fish food,580,685,666,,
0361b9c9-cc79-4d75-92bd-ac96423f5020,83cffa8f-31fb-4d9e-9707-8d2fa28f0331,Bestpet Adult Mix 1Kg,A nutritious food formulated for adult pets (1kg) supports daily nutrition.,1.500,cat,food,adult,kg,1.00,,[],true,2026-01-02 20:49:19.968373+00,2026-01-02 20:49:19.968373+00,1000,https://nlgoitdbyhdoaemkixpr.supabase.co/storage/v1/object/public/product-images/products/0361b9c9-cc79-4d75-92bd-ac96423f5020/thumbnail-1768571251706.png,4.5,false,Food,59,20,1,Bestpet,
036f2ef4-aff8-4eb8-ac69-da8a2b689578,8371e9bb-10d6-4f7d-8ec8-013df3f84e0f,FILTER QL-1000F-12W,A high-performance equipment designed for fish (12watt) built for long-lasting performance.,3.500,fish,equipment,,watt,12,,,true,2026-01-02 20:49:19.968373+00,2026-01-02 20:49:19.968373+00,1000,https://www.buypets.om/images/products/536.jpeg,4.1,false,AQUARIUM FILTER,396,536,534,,
0408044e-80b9-491f-84aa-469235a04f57,c626e441-5a28-4c55-9f14-360802a93b26,DOPHIN MAGNET CLEANER FM 002(M),An essential accessory designed for fish ideal for everyday needs.,3.000,fish,accessories,,,,,,true,2026-01-02 20:49:19.968373+00,2026-01-02 20:49:19.968373+00,1000,https://www.buypets.om/images/products/602.jpeg,4.1,false,Aquarium Accessories,321,602,365,,
04323e7c-21b8-4329-b488-27d1ba4b44e3,8cd13003-d746-4732-9013-8ab0161d6726,AQUARIUM BL-08,A spacious living space designed for fish provides comfort and safety.,28.000,fish,habitat,,model,,,,true,2026-01-02 20:49:19.968373+00,2026-01-02 20:49:19.968373+00,1000,https://www.buypets.om/images/products/433.jpg,4.5,false,AQUARIUM,394,433,408,,
0447360b-43d6-4bfe-a305-ac625a7d4246,92ae358f-b218-4eaf-b10d-c10b460e9cc8,GrandMix criceti e gerbilli 400g,A nutritious meal designed for pets with rice (400g) ideal for everyday feeding.,2.800,other,food,,g,400,rice,,true,2026-01-02 20:49:19.968373+00,2026-01-02 20:49:19.968373+00,1000,https://www.buypets.om/images/products/812.jpeg,4.4,false,Hamste food,314,812,806,,
0511470c-91a3-4839-94c0-21c320c16c72,a16120e3-5700-448e-9663-d050714fa8ea,Clean + 5L Lemon,A gentle grooming product for cats (5liter) supports coat and skin care.,1.500,cat,grooming,,liter,5.00,,[],true,2026-01-02 20:49:19.968373+00,2026-01-02 20:49:19.968373+00,1000,https://www.buypets.om/images/products/208.jpeg,4.5,false,Litter,796,208,207,Clean +,
0587bcc4-7ef9-4288-810d-89e6a7e9ee5b,8cb4a2ec-97fb-4503-bfa0-cf16144d603e,NUBIOS PUMP-MY-2500-45W,A high-performance equipment designed for fish (45watt) ideal for continuous use.,12.000,fish,equipment,,watt,45,,,true,2026-01-02 20:49:19.968373+00,2026-01-02 20:49:19.968373+00,1000,https://www.buypets.om/images/products/568.jpeg,4.1,false,AQUARIUM.PUMP,286,568,558,,
058d5d20-2415-43ac-b2b1-6155c84f90e5,56b56f79-77ac-4a7c-b1e2-0971e0b715fd,Pramy Carnivore Tuna with Chicken in Gravy 70g*12,A wholesome nutrition made for cats with chicken (70g) helps maintain overall health.,3.500,cat,food,,g,70.00,chicken,[],true,2026-01-02 20:49:19.968373+00,2026-01-02 20:49:19.968373+00,1000,https://www.buypets.om/images/products/192.jpeg,4.5,false,Food,215,192,187,Pramy,
05b5fe1f-c599-407b-bda5-1ecc2f55d7ed,05b5fe1f-c599-407b-bda5-1ecc2f55d7ed,BIGOBOYAIR PUMP B-10200,A reliable device suitable for fish built for long-lasting performance.,16.500,fish,equipment,,model,,,,true,2026-01-02 20:49:19.968373+00,2026-01-02 20:49:19.968373+00,1000,https://www.buypets.om/images/products/501.jpeg,4.3,false,AIR PUMP,323,501,501,,
05d07271-56ae-4d4a-b81c-1dc025edfa2b,83cffa8f-31fb-4d9e-9707-8d2fa28f0331,Bestpet Adult Mix 15Kg,A wholesome food formulated for adult pets (15kg) helps maintain overall health.,14.000,cat,food,adult,kg,15.00,,[],true,2026-01-02 20:49:19.968373+00,2026-01-02 20:49:19.968373+00,1000,https://nlgoitdbyhdoaemkixpr.supabase.co/storage/v1/object/public/product-images/products/05d07271-56ae-4d4a-b81c-1dc025edfa2b/thumbnail-1768571320243.png,4.5,false,Food,131,23,1,Bestpet,
05d0fe87-98cc-481d-8bee-059ba5385cde,940925f0-f024-4ef7-b22a-766afb1357dc,TAIYO Gold Flake100g,A high-quality meal designed for fish (100g) ideal for everyday feeding.,2.000,fish,food,,g,100,,,true,2026-01-02 20:49:19.968373+00,2026-01-02 20:49:19.968373+00,1000,https://www.buypets.om/images/products/681.jpeg,4.1,false,Fish food,449,681,666,,
06be45e3-b4d5-477c-a03c-64638a36171e,8cd13003-d746-4732-9013-8ab0161d6726,AQUARIUM SUCTION CUP AIR TUBE,A convenient daily-use item for fish ideal for everyday needs.,0.150,fish,accessories,,model,,,,true,2026-01-02 20:49:19.968373+00,2026-01-02 20:49:19.968373+00,1000,https://www.buypets.om/images/products/599.jpeg,4.2,false,Aquarium Accessories,714,599,408,,
06cc069a-7ea7-41c7-92e7-14f72f472c1a,af0787c4-c97e-47dc-a8b9-2c519a008cd6,CRYSTAL LED CLAMP QL LIGHT 150 4W,A reliable equipment designed for fish (4watt) ensures stable operation.,4.000,fish,equipment,,watt,4,,,true,2026-01-02 20:49:19.968373+00,2026-01-02 20:49:19.968373+00,1000,https://www.buypets.om/images/products/463.jpeg,4.7,false,AQUARIUM HEATER,655,463,226,,
072dd1b2-e627-4548-b111-ce08453d1242,8cd13003-d746-4732-9013-8ab0161d6726,AQUARIUM  FISH NET 10''D,A practical accessory designed for fish ideal for everyday needs.,2.200,fish,accessories,,model,,,,true,2026-01-02 20:49:19.968373+00,2026-01-02 20:49:19.968373+00,1000,https://www.buypets.om/images/products/609.jpeg,3.8,false,Aquarium Accessories,774,609,408,,
07bdff98-cb78-4d4d-902a-991f0e16566d,d489056c-2fd3-492e-a567-75990cc57213,BETTA TANK 41,A spacious living space designed for fish creates a suitable environment.,15.000,fish,habitat,,model,,,,true,2026-01-02 20:49:19.968373+00,2026-01-02 20:49:19.968373+00,1000,https://www.buypets.om/images/products/361.jpeg,4.7,false,BETTA TANK,345,361,353,,
08351ae5-ecad-49ae-a611-206dd2e137aa,e20ea224-9362-4715-a98f-024dc8fbe2aa,LED-X5 -10W-W,A high-performance equipment designed for fish (10watt) built for long-lasting performance.,4.000,fish,equipment,,watt,10,,,true,2026-01-02 20:49:19.968373+00,2026-01-02 20:49:19.968373+00,1000,https://www.buypets.om/images/products/468.jpeg,3.9,false,AQUARIUM HEATER,329,468,467,,
084f4b8d-ec25-4371-b31e-48755ed9b279,d4cdd89c-4b7c-4db4-935d-b6ae7c6bcda6,"GLASS TANK 30,30,30CM",A sturdy living space designed for fish (30cm) creates a suitable environment.,10.000,fish,habitat,,cm,30,,,true,2026-01-02 20:49:19.968373+00,2026-01-02 20:49:19.968373+00,1000,https://www.buypets.om/images/products/440.jpeg,3.6,false,AQUARIUM,481,440,362,,
089a671b-3982-4bd6-b437-a17b124c17eb,089a671b-3982-4bd6-b437-a17b124c17eb,LED MODEL D-9,A durable equipment designed for fish ideal for continuous use.,3.000,fish,equipment,,model,,,,true,2026-01-02 20:49:19.968373+00,2026-01-02 20:49:19.968373+00,1000,https://www.buypets.om/images/products/464.png,3.5,false,AQUARIUM HEATER,646,464,464,,
092ff00e-4dc8-4b74-8ca5-27d4e2819be4,11f8ff44-118f-47b0-8c91-64de3187b5e8,Bioline Pet Mik 220ml,A wholesome meal designed for cats (220ml) helps maintain overall health.,2.000,cat,food,,ml,220.00,,[],true,2026-01-02 20:49:19.968373+00,2026-01-02 20:49:19.968373+00,1000,https://www.buypets.om/images/products/230.png,4.5,false,Pet Milk,382,230,205,Bioline,
0930e03f-27ab-450f-9d1c-7ec51b8cf2a9,0930e03f-27ab-450f-9d1c-7ec51b8cf2a9,LED-MODEL-X5 -6W,A high-performance equipment designed for fish (6watt) ideal for continuous use.,4.000,fish,equipment,,watt,6,,,true,2026-01-02 20:49:19.968373+00,2026-01-02 20:49:19.968373+00,1000,https://www.buypets.om/images/products/480.jpeg,4.5,false,AQUARIUM HEATER,688,480,480,,
0950d30a-c71f-41dc-ba80-d8e4ee30417a,8cd13003-d746-4732-9013-8ab0161d6726,AQUARIUM  WATER CHANGER GRAVEL HS-28,A practical daily-use item for fish easy to use and maintain.,3.000,fish,accessories,,,,,,true,2026-01-02 20:49:19.968373+00,2026-01-02 20:49:19.968373+00,1000,https://www.buypets.om/images/products/582.jpeg,3.7,false,Aquarium Accessories,81,582,408,,
09a23ab2-bd29-4d17-bee7-c989b6498089,09a23ab2-bd29-4d17-bee7-c989b6498089,MY-4,An essential accessory designed for cats easy to use and maintain.,5.000,cat,accessories,,,,,,true,2026-01-02 20:49:19.968373+00,2026-01-02 20:49:19.968373+00,1000,https://www.buypets.om/images/products/279.png,4.8,false,Carry Cage,783,279,279,,
0a0a257b-9c26-486c-8130-428ca12844d9,11f8ff44-118f-47b0-8c91-64de3187b5e8,Bioline Ear Mite 30ml,A reliable grooming product for dogs (30ml) supports coat and skin care.,3.000,dog,grooming,,ml,30,,,true,2026-01-02 20:49:19.968373+00,2026-01-02 20:49:19.968373+00,1000,https://www.buypets.om/images/products/336.jpeg,4.6,false,Grooming,171,336,205,,
0a0fc622-cff5-4e50-a6e3-7dfdc11f58a7,69681861-a408-4a1c-96a0-7ae47360439b,Reflex Adult Gourmet  Chicken & Rice 15kg,A high-quality meal designed for adult pets with chicken (15kg) supports daily nutrition.,15.000,cat,food,adult,kg,15.00,chicken,[],true,2026-01-02 20:49:19.968373+00,2026-01-02 20:49:19.968373+00,1000,https://www.buypets.om/images/products/068.jpeg,4.5,false,Food,189,68,54,Lider,
0a7d2fed-71c1-45ff-8003-26a1f30ed8a3,14985454-2b4d-450b-9828-b990b3c2eab9,Lara Adult Turkey-Chicken 350gm,"protein 32.0%, fat content 10.0%, crude fibre 2.5%, crude ash 7.5%, calcium 1.1%, phosphorus 1.0%, taurine 0.2%",1.000,cat,food,adult,g,350.00,chicken,[],true,2026-01-02 20:49:19.968373+00,2026-01-02 20:49:19.968373+00,1000,https://nlgoitdbyhdoaemkixpr.supabase.co/storage/v1/object/public/product-images/products/0a7d2fed-71c1-45ff-8003-26a1f30ed8a3/thumbnail-1768489082347.png,4.5,false,Food,13,36,35,Versele Laga,
0aa28a85-49d5-4938-8094-7c4f47dfbccd,dd653bb6-f355-4f27-bae5-098da4e648c3,AQUAFIN CHILLI HUMPY HEAD 100ML,A high-quality nutrition made for fish (100ml) helps maintain overall health.,2.000,fish,food,,ml,100,,,true,2026-01-02 20:49:19.968373+00,2026-01-02 20:49:19.968373+00,1000,https://www.buypets.om/images/products/700.jpeg,4.8,false,Fish food,480,700,654,,
0ac741a0-17e4-4402-b8c4-ed99f33e8c3e,0ac741a0-17e4-4402-b8c4-ed99f33e8c3e,Aquarium-LX-A863,A sturdy habitat suitable for fish creates a suitable environment.,23.000,fish,habitat,,model,,,,true,2026-01-02 20:49:19.968373+00,2026-01-02 20:49:19.968373+00,1000,https://www.buypets.om/images/products/431.jpeg,3.5,false,AQUARIUM,149,431,431,,
0acbc135-07fd-4fc3-be03-0ee6374e1954,8cd13003-d746-4732-9013-8ab0161d6726,AQUARIUM FISH NET 32-8CM,A convenient daily-use item for fish (8cm) easy to use and maintain.,0.800,fish,accessories,,cm,8,,,true,2026-01-02 20:49:19.968373+00,2026-01-02 20:49:19.968373+00,1000,https://www.buypets.om/images/products/610.jpeg,4.1,false,Aquarium Accessories,810,610,408,,
0accfb66-9b12-4b5f-adae-c599f3b7a6f5,089a671b-3982-4bd6-b437-a17b124c17eb,LED T4-40LED,A high-performance device suitable for fish built for long-lasting performance.,3.000,fish,equipment,,model,,,,true,2026-01-02 20:49:19.968373+00,2026-01-02 20:49:19.968373+00,1000,https://www.buypets.om/images/products/487.jpg,4.7,false,AQUARIUM HEATER,192,487,464,,
0b5d542d-3659-4785-8c44-834b24b95ecb,8cb4a2ec-97fb-4503-bfa0-cf16144d603e,NUBIOS PUMP-MY-098-35W,A high-performance device suitable for fish (35watt) ideal for continuous use.,9.000,fish,equipment,,watt,35,,,true,2026-01-02 20:49:19.968373+00,2026-01-02 20:49:19.968373+00,1000,https://www.buypets.om/images/products/567.jpeg,4.5,false,AQUARIUM.PUMP,19,567,558,,
0bdff8fe-af96-494f-b0a0-1075948ddff4,273f4708-8160-4e53-b331-ce40514d2bb4,ARI SPONGE FILTER TY-380,A practical daily-use item for fish ideal for everyday needs.,2.500,fish,accessories,,piece,,,,true,2026-01-02 20:49:19.968373+00,2026-01-02 20:49:19.968373+00,1000,https://www.buypets.om/images/products/576.jpeg,4.6,false,Aquarium Accessories,74,576,573,,
0be89c5d-ddeb-444e-acc7-14ae38ac1169,8cd13003-d746-4732-9013-8ab0161d6726,AQUARIUM P100,A spacious living space designed for fish provides comfort and safety.,35.000,fish,habitat,,model,,,,true,2026-01-02 20:49:19.968373+00,2026-01-02 20:49:19.968373+00,1000,https://www.buypets.om/images/products/432.jpeg,4.5,false,AQUARIUM,591,432,408,,
0cd16fec-6550-4b8d-821d-3fe5a3bdb1c8,0cd16fec-6550-4b8d-821d-3fe5a3bdb1c8,BOYU HEATER HT-825-25W,A high-performance equipment designed for fish (25watt) built for long-lasting performance.,3.000,fish,equipment,,watt,25,,,true,2026-01-02 20:49:19.968373+00,2026-01-02 20:49:19.968373+00,1000,https://www.buypets.om/images/products/443.png,3.5,false,AQUARIUM HEATER,125,443,443,,
0e0cd01f-d689-4b35-baea-84a4c8a1a98b,0e0cd01f-d689-4b35-baea-84a4c8a1a98b,COLOR CHANGING WATER GRASS QL-20,A high-performance device suitable for fish built for long-lasting performance.,13.500,fish,equipment,,model,,,,true,2026-01-02 20:49:19.968373+00,2026-01-02 20:49:19.968373+00,1000,https://www.buypets.om/images/products/492.jpeg,4.0,false,AQUARIUM HEATER,520,492,492,,
0ee49b61-a96b-429f-8997-86495edcfa8c,0cd16fec-6550-4b8d-821d-3fe5a3bdb1c8,BOYU FILTER XFP-1000F-15W,A high-performance equipment designed for fish (15watt) built for long-lasting performance.,5.500,fish,equipment,,watt,15,,,true,2026-01-02 20:49:19.968373+00,2026-01-02 20:49:19.968373+00,1000,https://www.buypets.om/images/products/530.jpeg,4.7,false,AQUARIUM FILTER,734,530,443,,
0ef696fa-fed6-45c2-9720-a758277833ab,0ef696fa-fed6-45c2-9720-a758277833ab,prestige parrots Parrots 15kg,A wholesome food formulated for birds (15kg) ideal for everyday feeding.,14.000,bird,food,,kg,15,,,true,2026-01-02 20:49:19.968373+00,2026-01-02 20:49:19.968373+00,1000,https://nlgoitdbyhdoaemkixpr.supabase.co/storage/v1/object/public/product-images/products/908c2770-71b4-4231-9935-b43ef02b8b2e/thumbnail-1766666288657.png,4.9,false,BIRD FOOD,526,732,732,,
0f7dfb98-d439-4982-bbd5-58c9b3a0ac27,c626e441-5a28-4c55-9f14-360802a93b26,DOPHIN FILTER F-800,A reliable device suitable for fish ideal for continuous use.,6.000,fish,equipment,,model,,,,true,2026-01-02 20:49:19.968373+00,2026-01-02 20:49:19.968373+00,1000,https://www.buypets.om/images/products/522.jpeg,4.6,false,AQUARIUM FILTER,158,522,365,,
109bee70-46c7-4183-b22a-ea2a7a59d9b6,fe6f12df-3395-405d-9eea-7b36c8ae61df,Reflex Plus Skin Care Salmon 1.5 Kg,A balanced food formulated for cats with salmon (1.5kg) supports daily nutrition.,3.300,cat,food,,kg,1.50,salmon,[],true,2026-01-02 20:49:19.968373+00,2026-01-02 20:49:19.968373+00,1000,https://www.buypets.om/images/products/060.jpeg,4.5,false,Food,802,60,54,Lider,
1172638f-785e-401b-82f4-21893e95eff9,a77d9ed9-3e83-429d-b6b4-3df28a22c4fb,Felix Kitten Tuna 85g*12,A wholesome nutrition made for kittens with tuna (85g) supports daily nutrition.,3.500,cat,food,kitten,g,85.00,tuna,[],true,2026-01-02 20:49:19.968373+00,2026-01-02 20:49:19.968373+00,1000,https://www.buypets.om/images/products/171.jpeg,4.5,false,Food,316,171,165,Felix,
119626fa-d438-47a8-b242-0553fd453e75,7b7e470c-372f-48c3-86a4-a036b6613d08,HANG ON FILTER RS-3000-7W,A reliable equipment designed for fish (7watt) built for long-lasting performance.,5.500,fish,equipment,,watt,7,,,true,2026-01-02 20:49:19.968373+00,2026-01-02 20:49:19.968373+00,1000,https://www.buypets.om/images/products/541.jpeg,4.8,false,AQUARIUM FILTER,572,541,540,,
11f8ff44-118f-47b0-8c91-64de3187b5e8,11f8ff44-118f-47b0-8c91-64de3187b5e8,Bioline Salmon Oil 250ml,A balanced food formulated for cats with salmon (250ml) helps maintain overall health.,4.500,cat,food,,ml,250.00,salmon,[],true,2026-01-02 20:49:19.968373+00,2026-01-02 20:49:19.968373+00,1000,https://www.buypets.om/images/products/205.jpeg,4.5,false,Food,588,205,205,Bioline,
12978e8b-3516-42c7-bbca-98ea939285b4,42812998-7a29-4563-ad43-1493653945e9,Plastic TANK 180,A spacious habitat suitable for fish creates a suitable environment.,1.000,fish,habitat,,model,,,,true,2026-01-02 20:49:19.968373+00,2026-01-02 20:49:19.968373+00,1000,https://www.buypets.om/images/products/385.jpeg,3.7,false,BETTA TANK,315,385,357,,
13482744-0846-4f2a-a659-bb841d91cac8,3c724b1a-28fe-4e53-b55c-06c97c4a0a45,Royal Canin Hairball 2kg,A wholesome meal designed for adult pets (2kg) ideal for everyday feeding.,13.500,cat,food,adult,kg,2.00,,[],true,2026-01-02 20:49:19.968373+00,2026-01-02 20:49:19.968373+00,1000,https://www.buypets.om/images/products/128.png,4.5,false,Food,82,128,107,Royal Canin,
148ae0f3-c59c-472f-8a85-df850e4b1f70,8cd13003-d746-4732-9013-8ab0161d6726,Aquarium LS 100cm.,A spacious living space designed for fish (100cm) creates a suitable environment.,350.000,fish,habitat,,cm,100,,,true,2026-01-02 20:49:19.968373+00,2026-01-02 20:49:19.968373+00,1000,https://www.buypets.om/images/products/410.png,3.7,false,AQUARIUM,683,410,408,,
14985454-2b4d-450b-9828-b990b3c2eab9,14985454-2b4d-450b-9828-b990b3c2eab9,Lara Junior Chicken 350gm,"protein 36.0%, fat content 12.0%, crude fibre 2.0%, crude ash 8.0%, calcium 1.3%, phosphorus 1.1%, taurine 0.3%",1.000,cat,food,kitten,g,350.00,chicken,[],true,2026-01-02 20:49:19.968373+00,2026-01-02 20:49:19.968373+00,1000,https://nlgoitdbyhdoaemkixpr.supabase.co/storage/v1/object/public/product-images/products/14985454-2b4d-450b-9828-b990b3c2eab9/thumbnail-1768489929417.png,4.5,false,Food,245,35,35,Versele Laga,
149ca187-cc0b-464f-b358-5623e94d0c7c,149ca187-cc0b-464f-b358-5623e94d0c7c,NutriBird  Treats Forti Patee .250g,A nutritious meal designed for birds (250g) supports daily nutrition.,2.500,bird,food,,g,250,,,true,2026-01-02 20:49:19.968373+00,2026-01-02 20:49:19.968373+00,1000,https://www.buypets.om/images/products/754.png,4.2,false,BIRD FOOD,719,754,754,,
14a3a55e-c12f-40f9-9dcb-8e46277c74ef,0cd16fec-6550-4b8d-821d-3fe5a3bdb1c8,BOYU PUMP XFP-2500-40W,A high-performance device suitable for fish (40watt) built for long-lasting performance.,8.500,fish,equipment,,watt,40,,,true,2026-01-02 20:49:19.968373+00,2026-01-02 20:49:19.968373+00,1000,https://www.buypets.om/images/products/564.jpeg,4.1,false,AQUARIUM.PUMP,166,564,443,,
14cfa86e-f3b8-4ec9-a8ea-bb17feec5e0c,dbc2cbda-271a-42c9-a187-5f4865e17d04,Air stone 2.2cm.,A convenient accessory designed for fish (2cm) ideal for everyday needs.,0.200,fish,accessories,,cm,2,,,true,2026-01-02 20:49:19.968373+00,2026-01-02 20:49:19.968373+00,1000,https://www.buypets.om/images/products/640.jpeg,3.7,false,Aquarium Accessories,380,640,498,,
152ec9be-3d06-49b1-ac53-5f1e39b921b4,3c724b1a-28fe-4e53-b55c-06c97c4a0a45,Royal Canin Light Weight 85g*12,A nutritious nutrition made for cats (85g) supports daily nutrition.,0.800,cat,food,,g,85.00,,[],true,2026-01-02 20:49:19.968373+00,2026-01-02 20:49:19.968373+00,1000,https://www.buypets.om/images/products/116.png,4.5,false,Food,398,116,107,Royal Canin,
15a23f53-aaff-43ca-a903-d7e63354114f,15a23f53-aaff-43ca-a903-d7e63354114f,Classic Puppy 10Kg,"Tasty balanced food for daily use.

protein 25%, fat content 8%, crude ash 7.5%, crude fibre 3%, calcium 1.8%, phosphorus 1.2%",9.000,dog,food,puppy,kg,10.00,,[],true,2026-01-02 20:49:19.968373+00,2026-01-02 20:49:19.968373+00,1000,https://nlgoitdbyhdoaemkixpr.supabase.co/storage/v1/object/public/product-images/products/15a23f53-aaff-43ca-a903-d7e63354114f/thumbnail-1768486234536.png,4.5,false,Food,561,293,48,Versele Laga,
15e42801-7389-4c0b-97f1-2fe35522deda,11f8ff44-118f-47b0-8c91-64de3187b5e8,Bioline Dry Clean Shampoo 100g,A gentle grooming product for cats (100g) supports coat and skin care.,3.000,cat,grooming,,g,100.00,,[],true,2026-01-02 20:49:19.968373+00,2026-01-02 20:49:19.968373+00,1000,https://www.buypets.om/images/products/256.jpeg,4.5,false,Shampoo,180,256,205,Bioline,
1601fd2c-0f4c-4e7b-b1c7-3a1c9c966128,c5ffddc9-4380-461d-8509-c841cac0814a,Happy Cat Duo Poultry & Salmon 100g,A wholesome food formulated for cats with chicken (100g) supports daily nutrition.,0.700,cat,food,adult,g,100.00,salmon,[],true,2026-01-02 20:49:19.968373+00,2026-01-02 20:49:19.968373+00,1000,https://nlgoitdbyhdoaemkixpr.supabase.co/storage/v1/object/public/product-images/products/1601fd2c-0f4c-4e7b-b1c7-3a1c9c966128/thumbnail-1768581768207.png,4.5,false,Food,681,87,24,Happy Pet,
16910b1e-ddc3-4e31-ac12-f00e9abde7d6,c626e441-5a28-4c55-9f14-360802a93b26,DOPHIN FILTER UV LIGHT CF 1400,A high-performance device suitable for fish built for long-lasting performance.,65.000,fish,equipment,,model,,,,true,2026-01-02 20:49:19.968373+00,2026-01-02 20:49:19.968373+00,1000,https://www.buypets.om/images/products/514.jpeg,4.9,false,AQUARIUM FILTER,666,514,365,,
16f3d1a6-4f57-4950-962c-83a4f5dde329,9933188f-8ed5-4004-9c78-62d115fbcba7,Pufeit  Fish Aquarium PF200,A spacious living space designed for fish creates a suitable environment.,10.000,fish,habitat,,model,,,,true,2026-01-02 20:49:19.968373+00,2026-01-02 20:49:19.968373+00,1000,https://www.buypets.om/images/products/430.jpeg,4.4,false,AQUARIUM,177,430,429,,
17d3a372-57ae-4345-8c7b-8e10522f46b2,11f8ff44-118f-47b0-8c91-64de3187b5e8,Bioline White Coat Shampoo 200ml,A gentle grooming product for cats (200ml) supports coat and skin care.,2.800,cat,grooming,,ml,200.00,,[],true,2026-01-02 20:49:19.968373+00,2026-01-02 20:49:19.968373+00,1000,https://www.buypets.om/images/products/249.jpeg,4.5,false,Shampoo,258,249,205,Bioline,
189341f3-d8ed-416a-af90-1bcb43731a53,11f8ff44-118f-47b0-8c91-64de3187b5e8,Bioline Keep Off Spray 175ml,A gentle grooming product for cats (175ml) supports coat and skin care.,3.500,cat,grooming,,ml,175.00,,[],true,2026-01-02 20:49:19.968373+00,2026-01-02 20:49:19.968373+00,1000,https://www.buypets.om/images/products/273.jpeg,4.5,false,Grooming,423,273,205,Bioline,
18f9a612-585f-4b8a-a320-7fc28a137327,a95e07b1-52e5-4522-a736-566536b28b42,PERFECT 100 CM W,A well-designed habitat suitable for fish (100cm) provides comfort and safety.,165.000,fish,habitat,,cm,100,,,true,2026-01-02 20:49:19.968373+00,2026-01-02 20:49:19.968373+00,1000,https://www.buypets.om/images/products/421.jpeg,3.9,false,AQUARIUM,801,421,419,,
194c2700-2f64-4b0b-b9df-5778c3bb9a9e,8cd13003-d746-4732-9013-8ab0161d6726,AQUARIUM LS 60 60 cm,A spacious habitat suitable for fish (60cm) creates a suitable environment.,230.000,fish,habitat,,cm,60,,,true,2026-01-02 20:49:19.968373+00,2026-01-02 20:49:19.968373+00,1000,https://www.buypets.om/images/products/414.png,4.7,false,AQUARIUM,301,414,408,,
19512a9c-3482-449f-aaf8-8af363bb0412,3c724b1a-28fe-4e53-b55c-06c97c4a0a45,Royal Canin Adult Shih Tzu 1.5kg,A high-quality meal designed for adult pets (1.5kg) helps maintain overall health.,12.500,dog,food,adult,kg,1.50,,[],true,2026-01-02 20:49:19.968373+00,2026-01-02 20:49:19.968373+00,1000,https://www.buypets.om/images/products/308.jpeg,4.5,false,Food,633,308,107,Royal Canin,
19793b31-e36f-40e8-a857-0c83ee24cf6b,19793b31-e36f-40e8-a857-0c83ee24cf6b,BH - 3,A convenient daily-use item for cats ideal for everyday needs.,7.000,cat,accessories,,,,,,true,2026-01-02 20:49:19.968373+00,2026-01-02 20:49:19.968373+00,1000,https://www.buypets.om/images/products/281.jpeg,4.0,false,Carry Cage,705,281,281,,
19a4ce0c-790c-40cc-860b-c841d01808f8,cbf2be8a-5f9d-42f5-8688-e6d72327bf55,Groom Professional Prince 100ml,A gentle grooming product for dogs (100ml) supports coat and skin care.,4.500,dog,grooming,,ml,100.00,,[],true,2026-01-02 20:49:19.968373+00,2026-01-02 20:49:19.968373+00,1000,https://www.buypets.om/images/products/323.jpeg,4.5,false,Perfumes,42,323,238,Groom Professional,
1a1ed415-5e3c-4a94-9067-a258ea06ed5b,d489056c-2fd3-492e-a567-75990cc57213,BETTA TANK PK (2),A spacious habitat suitable for fish creates a suitable environment.,12.000,fish,habitat,,model,,,,true,2026-01-02 20:49:19.968373+00,2026-01-02 20:49:19.968373+00,1000,https://www.buypets.om/images/products/364.jpeg,3.6,false,BETTA TANK,555,364,353,,
1a4fcf9c-0b81-4ef6-9ddd-3dc6bc72db35,fe6f12df-3395-405d-9eea-7b36c8ae61df,Reflex Plus Kitten Chicken 8Kg,A high-quality food formulated for kittens with chicken (8kg) supports daily nutrition.,3.300,cat,food,kitten,kg,8.00,chicken,[],true,2026-01-02 20:49:19.968373+00,2026-01-02 20:49:19.968373+00,1000,https://www.buypets.om/images/products/061.jpeg,4.5,false,Food,727,61,54,Lider,
1a737b2e-3d98-41a5-a041-73ac94a38572,8371e9bb-10d6-4f7d-8ec8-013df3f84e0f,FILTER QL-938F-20W,A durable equipment designed for fish (20watt) built for long-lasting performance.,5.500,fish,equipment,,watt,20,,,true,2026-01-02 20:49:19.968373+00,2026-01-02 20:49:19.968373+00,1000,https://www.buypets.om/images/products/537.jpeg,4.9,false,AQUARIUM FILTER,579,537,534,,
1abc5d2d-cab1-4cf6-80cc-a380947e2bc7,a16120e3-5700-448e-9663-d050714fa8ea,Clean + 10L Apple,A reliable grooming product for cats (10liter) keeps pets clean and fresh.,2.500,cat,grooming,,liter,10.00,,[],true,2026-01-02 20:49:19.968373+00,2026-01-02 20:49:19.968373+00,1000,https://www.buypets.om/images/products/214.jpeg,4.5,false,Litter,651,214,207,Clean +,
1b0f448d-e7cd-4944-a6bc-131e37f20f72,bebbbd1d-1d6a-4273-9b1b-9008909ee58c,R&M-2032 Budgerigar & Finch Bird Food 908g,A high-quality nutrition made for birds (908g) supports daily nutrition.,2.000,bird,food,,g,908,,,true,2026-01-02 20:49:19.968373+00,2026-01-02 20:49:19.968373+00,1000,https://www.buypets.om/images/products/753.jpeg,4.1,false,BIRD FOOD,363,753,747,,
1b1745ef-7f8a-4078-840e-428557ac4cc6,19793b31-e36f-40e8-a857-0c83ee24cf6b,BH - 4 Open,A practical accessory designed for dogs easy to use and maintain.,11.000,dog,accessories,,,,,,true,2026-01-02 20:49:19.968373+00,2026-01-02 20:49:19.968373+00,1000,https://www.buypets.om/images/products/349.jpeg,3.9,false,Carry Cage,791,349,281,,
1b28edab-cc5f-4443-8772-c4df63bace8e,1b28edab-cc5f-4443-8772-c4df63bace8e,Beapher Salmon Oil 430ml,A wholesome food formulated for cats with salmon (430ml) helps maintain overall health.,7.000,cat,food,,ml,430.00,salmon,[],true,2026-01-02 20:49:19.968373+00,2026-01-02 20:49:19.968373+00,1000,https://www.buypets.om/images/products/206.jpeg,4.5,false,Food,403,206,206,Beapher,
1b7f8bf1-e337-4f5d-857f-904fae36bc83,73d3427f-e1d1-4a17-9164-5981f9389a9e,BOYU-HEATER HT-8-100-100W.,A reliable device suitable for fish (100watt) ideal for continuous use.,4.500,fish,equipment,,watt,100,,,true,2026-01-02 20:49:19.968373+00,2026-01-02 20:49:19.968373+00,1000,https://www.buypets.om/images/products/445.png,4.6,false,AQUARIUM HEATER,201,445,444,,
1ba781fa-0872-4178-8e6e-765afcf12111,56b56f79-77ac-4a7c-b1e2-0971e0b715fd,Pramy Balance Tuna in Gravy 70g*12,A balanced nutrition made for cats with tuna (70g) helps maintain overall health.,3.500,cat,food,,g,70.00,tuna,[],true,2026-01-02 20:49:19.968373+00,2026-01-02 20:49:19.968373+00,1000,https://www.buypets.om/images/products/198.jpeg,4.5,false,Food,193,198,187,Pramy,
1bae90eb-12b0-4c9d-a4a9-24cac4f723cc,2fcf6b98-e6ff-4f5c-bbc5-482fd74a5955,Tropical flake 25g 01-3078,A nutritious food formulated for fish (25g) helps maintain overall health.,0.800,fish,food,,g,25,,,true,2026-01-02 20:49:19.968373+00,2026-01-02 20:49:19.968373+00,1000,https://www.buypets.om/images/products/689.jpeg,3.7,false,Fish food,642,689,687,,
1bcf1092-0a90-4dab-9a27-914485e403ac,8cd13003-d746-4732-9013-8ab0161d6726,AQUARIUM  FISH NET 6'' D,A convenient daily-use item for fish easy to use and maintain.,1.200,fish,accessories,,model,,,,true,2026-01-02 20:49:19.968373+00,2026-01-02 20:49:19.968373+00,1000,https://www.buypets.om/images/products/607.jpeg,4.7,false,Aquarium Accessories,658,607,408,,
1bff65cc-9444-42c2-b0f6-5bd23927d32b,3c724b1a-28fe-4e53-b55c-06c97c4a0a45,Royal Canin Adult Persian 85g*12,A wholesome meal designed for adult pets (85g) supports daily nutrition.,0.800,cat,food,adult,g,85.00,,[],true,2026-01-02 20:49:19.968373+00,2026-01-02 20:49:19.968373+00,1000,https://www.buypets.om/images/products/118.jpeg,4.5,false,Food,284,118,107,Royal Canin,
1cc3f0a6-85a5-497f-9ca2-8057890035e4,0ef696fa-fed6-45c2-9720-a758277833ab,prestige Big Parakeets Love Birds 20kg,A high-quality food formulated for birds (20kg) supports daily nutrition.,13.500,bird,food,,kg,20,,,true,2026-01-02 20:49:19.968373+00,2026-01-02 20:49:19.968373+00,1000,https://www.buypets.om/images/products/734.png,4.7,false,BIRD FOOD,240,734,732,,
1ceacc1b-806b-456e-804e-f814f974c9fb,005faa21-0e3e-4dad-affb-94fd8b0b57c3,petslife hamster food 500g,A nutritious nutrition made for pets (500g) supports daily nutrition.,1.500,other,food,,g,500,,,true,2026-01-02 20:49:19.968373+00,2026-01-02 20:49:19.968373+00,1000,https://www.buypets.om/images/products/811.jpeg,4.9,false,Hamste food,325,811,798,,
1d79c704-a2b2-4211-90fe-715c7c822476,3c724b1a-28fe-4e53-b55c-06c97c4a0a45,Royal Canin Adult British Shorthair 10kg,A high-quality meal designed for adult pets (10kg) ideal for everyday feeding.,42.000,cat,food,adult,kg,10.00,,[],true,2026-01-02 20:49:19.968373+00,2026-01-02 20:49:19.968373+00,1000,https://www.buypets.om/images/products/149.png,4.5,false,Food,107,149,107,Royal Canin,
1d834602-08e6-48ad-a7ee-ca7ac561c0f0,1dca8f61-8785-41e0-b885-64b24159fab3,Canifors Pate With Game 100g,A wholesome food formulated for cats with game (100g) ideal for everyday feeding.,0.400,cat,food,,g,100.00,game,[],true,2026-01-02 20:49:19.968373+00,2026-01-02 20:49:19.968373+00,1000,https://www.buypets.om/images/products/184.png,4.5,false,Food,195,184,180,Canifors,
1dca8f61-8785-41e0-b885-64b24159fab3,1dca8f61-8785-41e0-b885-64b24159fab3,Canifors Kitten Pate 100g,A high-quality nutrition made for kittens (100g) supports daily nutrition.,0.400,cat,food,kitten,g,100.00,,[],true,2026-01-02 20:49:19.968373+00,2026-01-02 20:49:19.968373+00,1000,https://www.buypets.om/images/products/180.png,4.5,false,Food,716,180,180,Canifors,
1dcb7203-67ff-42df-b433-50b741680557,1dcb7203-67ff-42df-b433-50b741680557,Padovan Charmy 7 Shampoo 250ml,A gentle hygiene solution for cats (250ml) keeps pets clean and fresh.,3.000,cat,grooming,,ml,250.00,,[],true,2026-01-02 20:49:19.968373+00,2026-01-02 20:49:19.968373+00,1000,https://www.buypets.om/images/products/253.jpeg,4.5,false,Shampoo,411,253,253,Padovan,
1e00f940-84c9-4116-a647-45e7f5523d1d,3ddd0bd0-b1cf-42d0-8140-039f2159e653,Happy Cat Junior 1.3kg,A balanced meal designed for kittens (1.3kg) ideal for everyday feeding.,5.000,cat,food,kitten,kg,1.3,,,true,2026-01-02 20:49:19.968373+00,2026-01-02 20:49:19.968373+00,1000,https://www.buypets.om/images/products/092.jpeg,4.1,false,Food,545,92,24,,
1eca3274-1d4f-4a1e-b26f-cdfa69edbbb6,8cd13003-d746-4732-9013-8ab0161d6726,AQUARIUM BL-80,A well-designed living space designed for fish creates a suitable environment.,25.000,fish,habitat,,model,,,,true,2026-01-02 20:49:19.968373+00,2026-01-02 20:49:19.968373+00,1000,https://www.buypets.om/images/products/434.jpeg,4.6,false,AQUARIUM,627,434,408,,
1f1f492d-a90a-4eb2-81af-f1800a69b178,315ef1ae-eb16-4a7b-b138-a1bd1df16550,Nutribird Allround 250G,"Standard hand-rearing food for baby birds
Scientifically approved composition with all the nutrients your baby-bird needs. Ensures an optimal growth to completely healthy young birds. Can be used from hatching until weaning.

protein 19%, fat content 12%, crude fibre 1.5%, crude ash 8%, calcium 1.15%, phosphorus 0.8%, methionine 0.55%, lysine 1.1%, threonine 0.65%, tryptophan 0.23%, sodium 0.35%, magnesium 0.13%",3.000,bird,food,,g,250.00,,[],true,2026-01-02 20:49:19.968373+00,2026-01-02 20:49:19.968373+00,1000,https://nlgoitdbyhdoaemkixpr.supabase.co/storage/v1/object/public/product-images/products/1f1f492d-a90a-4eb2-81af-f1800a69b178/thumbnail-1768484894251.png,4.5,false,BIRD FOOD,165,792,785,Versele Laga,
2089659a-29ad-49ff-bdbb-e260d9bd99b8,8cd13003-d746-4732-9013-8ab0161d6726,AQUARIUM  FISH NET 8'',A convenient daily-use item for fish easy to use and maintain.,1.800,fish,accessories,,model,,,,true,2026-01-02 20:49:19.968373+00,2026-01-02 20:49:19.968373+00,1000,https://www.buypets.om/images/products/605.jpeg,3.9,false,Aquarium Accessories,264,605,408,,
2089da48-f2c7-4f65-b2ba-d996059df574,6c60e154-29e4-4364-8f19-5e2e0cdeb19d,RS-50W-HEATER.,A high-performance equipment designed for fish (50watt) ideal for continuous use.,2.500,fish,equipment,,watt,50,,,true,2026-01-02 20:49:19.968373+00,2026-01-02 20:49:19.968373+00,1000,https://www.buypets.om/images/products/455.jpeg,4.7,false,AQUARIUM HEATER,608,455,454,,
20b4c243-ced3-4a20-9715-251f8db6f418,dbc2cbda-271a-42c9-a187-5f4865e17d04,"Air stone strip bubble 20""",An essential accessory designed for fish (20inch) ideal for everyday needs.,3.000,fish,accessories,,inch,20,,,true,2026-01-02 20:49:19.968373+00,2026-01-02 20:49:19.968373+00,1000,https://www.buypets.om/images/products/650.jpeg,4.7,false,Aquarium Accessories,112,650,498,,
210a521d-e3de-436e-b739-8692e1f30e7b,2fcf6b98-e6ff-4f5c-bbc5-482fd74a5955,Tropical flake 50g 01-3079,A balanced food formulated for fish (50g) helps maintain overall health.,1.300,fish,food,,g,50,,,true,2026-01-02 20:49:19.968373+00,2026-01-02 20:49:19.968373+00,1000,https://www.buypets.om/images/products/688.jpeg,4.8,false,Fish food,32,688,687,,
210d0aa5-4787-4fad-ba7e-f251a63e192b,cbf2be8a-5f9d-42f5-8688-e6d72327bf55,Groom Professional Prince 100ml,A gentle hygiene solution for cats (100ml) supports coat and skin care.,4.500,cat,grooming,,ml,100.00,,[],true,2026-01-02 20:49:19.968373+00,2026-01-02 20:49:19.968373+00,1000,https://www.buypets.om/images/products/243.jpeg,4.5,false,Perfumes,677,243,238,Groom Professional,
211c0abe-89f0-47a5-b2ca-9e3947ffcdbe,273f4708-8160-4e53-b331-ce40514d2bb4,ARI SPONGE FILTER TY-180,An essential accessory designed for fish ideal for everyday needs.,1.000,fish,accessories,,piece,,,,true,2026-01-02 20:49:19.968373+00,2026-01-02 20:49:19.968373+00,1000,https://www.buypets.om/images/products/578.jpeg,4.0,false,Aquarium Accessories,750,578,573,,
21c658ae-cd79-448f-8aa1-db923a578f59,3c724b1a-28fe-4e53-b55c-06c97c4a0a45,Royal Canin Mother & Baby 2kg,A balanced meal designed for kittens (2kg) helps maintain overall health.,13.500,cat,food,kitten,kg,2.00,,[],true,2026-01-02 20:49:19.968373+00,2026-01-02 20:49:19.968373+00,1000,https://www.buypets.om/images/products/132.png,4.5,false,Food,544,132,107,Royal Canin,
223570fd-d0ac-4adb-8021-8e2814033d53,223570fd-d0ac-4adb-8021-8e2814033d53,CLAMP LAMP LEDQL-X3-WHITE,A high-performance device suitable for fish ideal for continuous use.,3.000,fish,equipment,,model,,,,true,2026-01-02 20:49:19.968373+00,2026-01-02 20:49:19.968373+00,1000,https://www.buypets.om/images/products/462.jpeg,3.6,false,AQUARIUM HEATER,415,462,462,,
22b21169-a741-4e65-81c1-89d7882ba44d,22b21169-a741-4e65-81c1-89d7882ba44d,FISH NET  36-13.4-14.5CM,An essential daily-use item for fish (5cm) easy to use and maintain.,1.500,fish,accessories,,cm,5,,,true,2026-01-02 20:49:19.968373+00,2026-01-02 20:49:19.968373+00,1000,https://www.buypets.om/images/products/613.jpeg,4.9,false,Aquarium Accessories,24,613,613,,
22e4fb81-5eb0-4849-8b7e-5e826b75931e,3c724b1a-28fe-4e53-b55c-06c97c4a0a45,Royal Canin Digest Sensitive 85g*12,A wholesome meal designed for cats (85g) helps maintain overall health.,0.800,cat,food,,g,85.00,,[],true,2026-01-02 20:49:19.968373+00,2026-01-02 20:49:19.968373+00,1000,https://www.buypets.om/images/products/108.jpeg,4.5,false,Food,662,108,107,Royal Canin,
2335b8c4-fd2b-4b63-8956-d38615ac3243,3ddd0bd0-b1cf-42d0-8140-039f2159e653,Happy Feed Adult Chicken 1.5 kg,A high-quality nutrition made for adult pets with chicken (1.5kg) supports daily nutrition.,2.500,cat,food,adult,kg,1.50,chicken,[],true,2026-01-02 20:49:19.968373+00,2026-01-02 20:49:19.968373+00,1000,https://nlgoitdbyhdoaemkixpr.supabase.co/storage/v1/object/public/product-images/products/2335b8c4-fd2b-4b63-8956-d38615ac3243/thumbnail-1768579682963.png,4.5,false,Food,278,25,24,Happy Feed,
23aecbef-5b5a-4ab9-8fff-2b192f2e5da3,19793b31-e36f-40e8-a857-0c83ee24cf6b,BH - 3 Open,A convenient daily-use item for cats ideal for everyday needs.,8.000,cat,accessories,,,,,,true,2026-01-02 20:49:19.968373+00,2026-01-02 20:49:19.968373+00,1000,https://www.buypets.om/images/products/282.jpeg,4.5,false,Carry Cage,528,282,281,,
23b9d04c-11e9-4c8c-bfc3-d938e06d6b5e,7b7e470c-372f-48c3-86a4-a036b6613d08,HANG ON FILTER RS-1000-2.5W,A durable equipment designed for fish (5watt) ideal for continuous use.,3.500,fish,equipment,,watt,5,,,true,2026-01-02 20:49:19.968373+00,2026-01-02 20:49:19.968373+00,1000,https://www.buypets.om/images/products/542.jpeg,4.7,false,AQUARIUM FILTER,724,542,540,,
24525afe-0e48-46c7-bdcf-692b592d5b7c,bebbbd1d-1d6a-4273-9b1b-9008909ee58c,R&M dried mealworms 100g,A high-quality food formulated for birds with insect (100g) ideal for everyday feeding.,2.000,bird,food,,g,100.00,insect,[],true,2026-01-02 20:49:19.968373+00,2026-01-02 20:49:19.968373+00,1000,https://www.buypets.om/images/products/782.jpeg,4.5,false,BIRD FOOD,251,782,747,R&M,